Name	Completeness	Contamination	Completeness_Model_Used	Translation_Table_Used	Coding_Density	Contig_N50	Average_Gene_Length	Genome_Size	GC_Content	Total_Coding_Sequences	Total_Contigs	Max_Contig_Length	Additional_Notes
ERR2641635_bin.10	46.06	1.96	Gradient Boost (General Model)	11	0.889	3628	254.3062271062271	1170106	0.6	1365	359	11660	None
ERR2641635_bin.11	66.44	0.21	Neural Network (Specific Model)	11	0.91	113996	363.8752421542038	3091108	0.45	2581	39	240482	None
ERR2641635_bin.12	33.57	8.2	Neural Network (Specific Model)	11	0.867	5926	239.47530241935485	1638693	0.35	1984	344	32056	None
ERR2641635_bin.13	93.82	1.95	Gradient Boost (General Model)	11	0.888	34643	319.05263157894734	2799032	0.49	2603	128	184925	None
ERR2641635_bin.14	58.71	10.53	Neural Network (Specific Model)	11	0.87	2837	266.72688356164383	2144165	0.38	2336	777	11535	None
ERR2641635_bin.17	7.08	0.01	Neural Network (Specific Model)	11	0.955	3578	418.444976076555	549074	0.42	418	161	14696	None
ERR2641635_bin.19	93.96	0.3	Neural Network (Specific Model)	11	0.898	63643	351.3866120218579	3431635	0.41	2928	94	170367	None
ERR2641635_bin.21	91.48	0.85	Neural Network (Specific Model)	11	0.907	63781	317.73153007670567	2598211	0.44	2477	64	171248	None
ERR2641635_bin.22	6.84	0.02	Neural Network (Specific Model)	11	0.86	9631	295.83093525179856	286666	0.36	278	37	34407	None
ERR2641635_bin.23	98.62	0.46	Gradient Boost (General Model)	11	0.9	51365	296.94059405940595	1795368	0.46	1818	46	139750	None
ERR2641635_bin.25	7.2	0.01	Neural Network (Specific Model)	11	0.846	14046	256.5717439293598	410785	0.35	453	59	32671	None
ERR2641635_bin.26	86.69	64.6	Neural Network (Specific Model)	11	0.887	13752	314.97357814599195	4751321	0.45	4466	507	60968	None
ERR2641635_bin.28	83.92	6.48	Neural Network (Specific Model)	11	0.896	64685	371.64631043257	3417933	0.4	2751	92	281625	None
ERR2641635_bin.30	41.57	0.11	Neural Network (Specific Model)	11	0.898	213323	328.52847682119204	827252	0.59	755	5	274123	None
ERR2641635_bin.36	73.97	9.54	Neural Network (Specific Model)	11	0.875	50985	314.8966872543515	1921019	0.6	1781	63	165033	None
ERR2641635_bin.37	97.17	7.82	Neural Network (Specific Model)	11	0.898	42941	303.2571763327475	3452007	0.41	3414	161	132672	None
ERR2641635_bin.40	97.25	0.0	Neural Network (Specific Model)	11	0.912	22444	327.8917668825162	2328092	0.38	2162	151	54966	None
ERR2641635_bin.41	16.0	0.0	Neural Network (Specific Model)	11	0.948	3573	289.3521126760563	324445	0.5	355	105	7605	None
ERR2641635_bin.42	24.02	10.4	Neural Network (Specific Model)	11	0.849	15657	254.48130595050026	1702250	0.37	1899	218	72107	None
ERR2641635_bin.43	90.4	2.29	Gradient Boost (General Model)	11	0.899	23643	278.9258330347546	2591601	0.29	2791	214	72089	None
ERR2641635_bin.45	95.71	1.47	Gradient Boost (General Model)	11	0.896	51132	312.2535575679172	1614544	0.28	1546	54	140276	None
ERR2641635_bin.46	36.63	0.08	Neural Network (Specific Model)	11	0.921	3464	262.5798969072165	662429	0.46	776	207	12488	None
ERR2641635_bin.49	70.79	0.08	Neural Network (Specific Model)	11	0.894	21962	343.47042253521124	1633286	0.44	1420	105	57938	None
ERR2641635_bin.5	8.25	0.08	Neural Network (Specific Model)	11	0.866	31502	275.36744186046514	204479	0.48	215	12	43873	None
ERR2641635_bin.50	97.66	0.24	Gradient Boost (General Model)	11	0.869	20457	313.7088658146965	2709227	0.33	2504	207	95783	None
ERR2641635_bin.51	30.24	0.05	Neural Network (Specific Model)	11	0.902	22424	311.4804469273743	740713	0.5	716	62	69963	None
ERR2641635_bin.53	8.18	0.01	Neural Network (Specific Model)	11	0.834	21557	227.90934065934067	297887	0.44	364	22	53032	None
ERR2641635_bin.54	98.31	1.1	Neural Network (Specific Model)	11	0.912	24257	322.59254498714654	2474649	0.38	2334	153	84987	None
ERR2641635_bin.56	90.5	34.04	Neural Network (Specific Model)	11	0.895	6425	290.4157581764123	3922220	0.43	4036	779	37634	None
ERR2641635_bin.58	82.19	0.86	Neural Network (Specific Model)	11	0.906	199811	382.3349405335905	3935033	0.41	3111	47	615599	None
ERR2641635_bin.6	12.98	0.01	Neural Network (Specific Model)	11	0.869	293039	339.6461038961039	360418	0.61	308	2	293039	None
ERR2641635_bin.60	21.38	0.01	Neural Network (Specific Model)	11	0.907	52936	348.0440097799511	470203	0.62	409	12	123907	None
ERR2641635_bin.61	5.37	0.0	Neural Network (Specific Model)	11	0.875	37092	307.12	210070	0.47	200	6	57470	None
ERR2641635_bin.62	32.1	0.0	Neural Network (Specific Model)	11	0.92	80980	367.66180492251596	1313132	0.47	1097	19	147964	None
ERR2641635_bin.63	49.75	2.62	Gradient Boost (General Model)	11	0.905	3797	291.15230312035663	1297033	0.47	1346	372	19625	None
ERR2641635_bin.64	68.47	3.25	Neural Network (Specific Model)	11	0.882	34059	321.9521072796935	1712783	0.61	1566	82	71239	None
ERR2641635_bin.66	88.35	9.75	Neural Network (Specific Model)	11	0.864	20628	314.95773324984344	3488777	0.42	3194	276	114554	None
ERR2641635_bin.7	5.41	0.0	Neural Network (Specific Model)	11	0.918	48204	294.7265306122449	235576	0.48	245	5	100172	None
ERR2641635_bin.8	91.13	0.03	Neural Network (Specific Model)	11	0.841	11432	317.544921875	2316118	0.57	2048	266	44740	None
ERR2641677_bin.10	61.65	0.73	Neural Network (Specific Model)	11	0.911	3805	306.20483460559797	2373930	0.44	2358	673	13184	None
ERR2641677_bin.11	96.98	0.37	Neural Network (Specific Model)	11	0.896	73784	333.19841584158416	2812407	0.47	2525	74	182453	None
ERR2641677_bin.12	8.94	0.02	Neural Network (Specific Model)	11	0.867	8992	282.76758409785936	319301	0.34	327	39	41833	None
ERR2641677_bin.13	88.12	0.69	Neural Network (Specific Model)	11	0.899	61823	318.2193258426966	2358573	0.41	2225	67	131051	None
ERR2641677_bin.14	11.63	0.01	Neural Network (Specific Model)	11	0.881	45263	321.9364548494983	327370	0.54	299	14	73426	None
ERR2641677_bin.15	86.87	4.57	Neural Network (Specific Model)	11	0.87	40397	316.25948717948717	2124674	0.59	1950	84	137971	None
ERR2641677_bin.17	100.0	1.33	Gradient Boost (General Model)	11	0.881	157570	316.7906265919511	2115851	0.41	1963	23	306547	None
ERR2641677_bin.18	100.0	0.16	Neural Network (Specific Model)	11	0.888	88595	349.2361896476729	2709916	0.56	2299	47	197313	None
ERR2641677_bin.19	25.3	0.12	Neural Network (Specific Model)	11	0.938	3229	336.07890222984565	1251394	0.45	1166	413	10266	None
ERR2641677_bin.2	13.23	0.85	Neural Network (Specific Model)	11	0.828	50593	304.44827586206895	606942	0.39	551	23	83117	None
ERR2641677_bin.20	58.34	0.9	Gradient Boost (General Model)	11	0.908	7103	271.72792362768496	1126529	0.42	1257	203	27793	None
ERR2641677_bin.22	85.25	1.71	Neural Network (Specific Model)	11	0.91	9522	304.2739923224568	2087312	0.38	2084	314	29201	None
ERR2641677_bin.23	99.95	2.83	Neural Network (Specific Model)	11	0.882	50197	324.734219269103	2654860	0.43	2408	94	168898	None
ERR2641677_bin.24	46.55	8.2	Gradient Boost (General Model)	11	0.897	2342	229.7366391184573	1392270	0.61	1815	611	5649	None
ERR2641677_bin.25	75.89	1.52	Neural Network (Specific Model)	11	0.906	7352	320.5171974522293	2494093	0.42	2355	437	31782	None
ERR2641677_bin.26	94.46	62.7	Neural Network (Specific Model)	11	0.885	35395	313.39195979899495	5486123	0.42	5174	283	147318	None
ERR2641677_bin.27	23.85	0.01	Neural Network (Specific Model)	11	0.815	34834	303.4618937644342	482497	0.47	433	22	120735	None
ERR2641677_bin.30	48.0	10.62	Neural Network (Specific Model)	11	0.899	5697	297.2043325526932	1691308	0.45	1708	388	31088	None
ERR2641677_bin.32	56.08	5.2	Neural Network (Specific Model)	11	0.884	13132	300.4205405405405	1882093	0.43	1850	207	58792	None
ERR2641677_bin.36	97.59	38.54	Gradient Boost (General Model)	11	0.851	9186	265.80197624513426	9365767	0.38	10019	1519	89936	None
ERR2641677_bin.37	91.37	69.89	Neural Network (Specific Model)	11	0.888	14072	322.338097364895	4867062	0.45	4478	511	56569	None
ERR2641677_bin.39	46.89	1.3	Gradient Boost (General Model)	11	0.914	2556	247.07478260869564	930383	0.63	1150	371	7865	None
ERR2641677_bin.4	99.2	0.08	Neural Network (Specific Model)	11	0.883	41160	332.18035714285713	2524861	0.36	2240	99	111658	None
ERR2641677_bin.41	40.32	0.04	Gradient Boost (General Model)	11	0.908	9618	307.1724489795918	993397	0.47	980	136	30464	None
ERR2641677_bin.43	78.78	1.03	Gradient Boost (General Model)	11	0.89	14864	303.3941276115189	1808452	0.62	1771	162	52404	None
ERR2641677_bin.45	100.0	1.14	Gradient Boost (General Model)	11	0.898	53922	338.5867908552074	2668393	0.44	2362	76	165917	None
ERR2641677_bin.47	99.98	14.53	Neural Network (Specific Model)	11	0.907	48459	352.20950742095073	5405114	0.46	4649	204	154289	None
ERR2641677_bin.48	90.3	1.32	Neural Network (Specific Model)	11	0.902	67453	319.7985102420857	2849767	0.44	2685	73	217242	None
ERR2641677_bin.49	9.49	0.24	Neural Network (Specific Model)	11	0.858	6736	240.94562647754137	355217	0.52	423	65	29289	None
ERR2641677_bin.5	95.3	1.1	Neural Network (Specific Model)	11	0.874	69509	341.95489614243326	1975838	0.6	1685	40	187497	None
ERR2641677_bin.50	25.62	5.78	Neural Network (Specific Model)	11	0.857	12548	249.49465240641712	1953552	0.37	2244	259	202109	None
ERR2641677_bin.51	85.09	0.02	Neural Network (Specific Model)	11	0.884	38622	326.59603469640643	2678664	0.49	2421	132	181600	None
ERR2641677_bin.52	88.77	21.89	Neural Network (Specific Model)	11	0.913	10752	352.9824987846378	7145683	0.42	6171	1042	54530	None
ERR2641677_bin.53	92.99	1.22	Neural Network (Specific Model)	11	0.897	24877	296.3908163265306	1937071	0.34	1960	128	56407	None
ERR2641677_bin.54	82.08	0.73	Neural Network (Specific Model)	11	0.9	15808	314.3966725043783	2389517	0.42	2284	222	56386	None
ERR2641677_bin.55	99.64	5.36	Neural Network (Specific Model)	11	0.898	52032	363.5441400304414	4782022	0.42	3942	156	195108	None
ERR2641677_bin.56	78.13	0.0	Neural Network (Specific Model)	11	0.894	162736	318.6381074168798	1668767	0.46	1564	15	309190	None
ERR2641677_bin.57	100.0	2.63	Neural Network (Specific Model)	11	0.876	171492	357.1734860883797	2238736	0.56	1833	27	370725	None
ERR2641677_bin.58	60.4	15.83	Gradient Boost (General Model)	11	0.898	2641	250.45932358318097	1827580	0.6	2188	689	11505	None
ERR2641677_bin.59	16.34	1.34	Neural Network (Specific Model)	11	0.878	19694	259.33155650319827	829033	0.52	938	66	156765	None
ERR2641677_bin.6	85.59	6.9	Neural Network (Specific Model)	11	0.919	8081	308.61106271777004	2309225	0.45	2296	371	45806	None
ERR2641677_bin.60	13.83	0.0	Neural Network (Specific Model)	11	0.915	16186	318.0920634920635	327727	0.44	315	27	37858	None
ERR2641677_bin.64	20.04	0.0	Neural Network (Specific Model)	11	0.886	252115	326.33414043583537	455341	0.46	413	6	252115	None
ERR2641677_bin.65	60.59	3.76	Neural Network (Specific Model)	11	0.941	3394	276.4674220963173	1241847	0.38	1412	398	11182	None
ERR2641677_bin.67	7.92	0.0	Neural Network (Specific Model)	11	0.893	2042	242.29924242424244	214185	0.65	264	100	6743	None
ERR2641677_bin.69	87.84	6.22	Neural Network (Specific Model)	11	0.905	33008	362.1524256651017	3831823	0.46	3195	191	152239	None
ERR2641677_bin.71	27.5	5.77	Gradient Boost (General Model)	11	0.873	2869	231.36702021212727	3957525	0.34	4997	1408	19451	Low confidence prediction - substantial (25%) disagreement between completeness prediction models
ERR2641677_bin.73	99.97	1.27	Neural Network (Specific Model)	11	0.868	174395	322.98677517802645	2192284	0.55	1966	25	263095	None
ERR2641677_bin.8	20.03	0.01	Neural Network (Specific Model)	11	0.912	261839	325.50387596899225	413564	0.41	387	3	261839	None
ERR2641677_bin.9	9.25	0.01	Neural Network (Specific Model)	11	0.893	2982	275.02491103202846	258975	0.62	281	95	6024	None
ERR2641733_bin.1	38.74	0.0	Neural Network (Specific Model)	11	0.883	3008	266.6411764705882	923014	0.57	1020	320	9171	None
ERR2641733_bin.12	62.8	0.18	Neural Network (Specific Model)	11	0.877	118918	314.4482484076433	1348233	0.41	1256	18	200423	None
ERR2641733_bin.14	52.69	0.42	Neural Network (Specific Model)	11	0.891	109465	350.63260869565215	1084551	0.55	920	20	358118	None
ERR2641733_bin.2	21.45	1.69	Neural Network (Specific Model)	11	0.895	2321	249.05921052631578	633401	0.59	760	268	7367	None
ERR2641733_bin.20	6.45	0.01	Neural Network (Specific Model)	11	0.835	77925	244.0870870870871	291351	0.46	333	13	79740	None
ERR2641733_bin.21	52.92	7.44	Gradient Boost (General Model)	11	0.921	2876	253.87803468208094	1428141	0.61	1730	515	8097	None
ERR2641733_bin.23	43.64	0.42	Neural Network (Specific Model)	11	0.829	14115	296.2861415752742	1073346	0.51	1003	108	66254	None
ERR2641733_bin.25	7.54	0.0	Neural Network (Specific Model)	11	0.926	130906	382.55494505494505	225377	0.47	182	4	130906	None
ERR2641733_bin.27	99.93	0.44	Neural Network (Specific Model)	11	0.868	72978	325.89145383104125	2290357	0.54	2036	52	254698	None
ERR2641733_bin.28	27.92	1.22	Neural Network (Specific Model)	11	0.883	2813	259.68233387358185	543594	0.57	617	199	6994	None
ERR2641733_bin.29	95.06	1.75	Gradient Boost (General Model)	11	0.901	12195	331.69249478804727	3171231	0.41	2878	394	44105	None
ERR2641733_bin.3	83.43	8.72	Neural Network (Specific Model)	11	0.869	12138	289.92943361188486	2153324	0.58	2154	264	74844	None
ERR2641733_bin.30	33.46	0.74	Neural Network (Specific Model)	11	0.9	2722	254.8331627430911	828167	0.55	977	307	7682	None
ERR2641733_bin.31	23.2	0.04	Neural Network (Specific Model)	11	0.928	2489	279.74966170500676	667044	0.44	739	271	6834	None
ERR2641733_bin.32	51.67	2.11	Neural Network (Specific Model)	11	0.889	3353	263.9586160108548	1310413	0.6	1474	426	13176	None
ERR2641733_bin.33	86.11	2.26	Gradient Boost (General Model)	11	0.911	16464	312.7744860943168	1701578	0.61	1654	155	83487	None
ERR2641733_bin.35	100.0	0.48	Gradient Boost (General Model)	11	0.886	57684	310.09394812680114	1818652	0.54	1735	46	297419	None
ERR2641733_bin.36	27.06	1.07	Neural Network (Specific Model)	11	0.938	2851	308.31037212984955	1242811	0.46	1263	452	10076	None
ERR2641733_bin.37	77.23	0.68	Neural Network (Specific Model)	11	0.899	24090	339.04651162790697	2330600	0.48	2064	148	92907	None
ERR2641733_bin.38	64.8	0.43	Neural Network (Specific Model)	11	0.879	4393	293.2859116022099	1448116	0.6	1448	377	22576	None
ERR2641733_bin.39	85.56	0.05	Gradient Boost (General Model)	11	0.865	6845	292.3641404805915	1644422	0.45	1623	305	45473	None
ERR2641733_bin.4	67.17	1.71	Neural Network (Specific Model)	11	0.899	4230	290.49376017362994	1783638	0.57	1843	499	13484	None
ERR2641733_bin.40	28.57	4.51	Neural Network (Specific Model)	11	0.86	5679	237.2122103714601	2242552	0.36	2719	506	28308	None
ERR2641733_bin.41	67.89	4.41	Gradient Boost (General Model)	11	0.909	4228	260.4066250600096	1786975	0.57	2083	485	20631	None
ERR2641733_bin.42	73.49	11.47	Gradient Boost (General Model)	11	0.898	4354	271.35412910205554	2508431	0.59	2773	677	21104	None
ERR2641733_bin.44	13.41	0.0	Neural Network (Specific Model)	11	0.905	2568	242.4792899408284	406761	0.59	507	165	5819	None
ERR2641733_bin.47	93.84	10.86	Neural Network (Specific Model)	11	0.879	30884	317.07230623818526	2286756	0.59	2116	106	108083	None
ERR2641733_bin.48	9.08	0.02	Neural Network (Specific Model)	11	0.937	2397	268.9482200647249	265324	0.46	309	112	6189	None
ERR2641733_bin.5	53.61	0.28	Neural Network (Specific Model)	11	0.902	238280	351.39351851851853	1008679	0.59	864	15	287588	None
ERR2641733_bin.50	78.12	1.75	Neural Network (Specific Model)	11	0.905	6628	329.98131932282547	1871264	0.56	1713	338	37334	None
ERR2641733_bin.51	86.71	4.98	Gradient Boost (General Model)	11	0.87	28693	301.0972913211719	1875893	0.59	1809	105	110586	None
ERR2641733_bin.52	14.74	0.28	Neural Network (Specific Model)	11	0.864	9994	263.5550351288056	779427	0.39	854	120	64893	None
ERR2641733_bin.53	7.61	0.18	Neural Network (Specific Model)	11	0.862	8732	245.32075471698113	451261	0.36	530	70	30611	None
ERR2641733_bin.55	42.73	2.42	Gradient Boost (General Model)	11	0.9	2554	245.38448707256046	978316	0.61	1199	377	14787	None
ERR2641733_bin.56	54.97	0.25	Neural Network (Specific Model)	11	0.921	32811	388.8744460856721	1713964	0.61	1354	74	93191	None
ERR2641733_bin.58	13.54	0.01	Neural Network (Specific Model)	11	0.812	63656	301.1528239202658	334296	0.47	301	15	70018	None
ERR2641733_bin.6	15.64	0.0	Neural Network (Specific Model)	11	0.879	94885	392.04247104247105	346361	0.6	259	6	95924	None
ERR2641733_bin.60	38.31	0.17	Neural Network (Specific Model)	11	0.883	74321	304.70509708737865	851517	0.39	824	20	135002	None
ERR2641733_bin.61	97.81	3.76	Gradient Boost (General Model)	11	0.886	16953	319.05378020265005	2768750	0.49	2566	232	124603	None
ERR2641733_bin.62	91.12	2.66	Gradient Boost (General Model)	11	0.9	32856	314.75595913734395	1845188	0.63	1762	79	86783	None
ERR2641733_bin.64	96.86	2.41	Neural Network (Specific Model)	11	0.906	8568	297.9100566572238	2780874	0.37	2824	437	72002	None
ERR2641733_bin.65	6.44	0.0	Neural Network (Specific Model)	11	0.897	11461	219.92349726775956	268169	0.53	366	43	44998	None
ERR2641733_bin.7	95.08	0.28	Gradient Boost (General Model)	11	0.9	19833	321.39632936507934	2155900	0.55	2016	157	91019	None
ERR2641733_bin.70	84.83	4.98	Neural Network (Specific Model)	11	0.911	59415	356.5357590966123	3736368	0.44	3188	104	154486	None
ERR2641733_bin.71	99.89	0.71	Neural Network (Specific Model)	11	0.874	138162	338.3548913043478	2135058	0.6	1840	29	211177	None
ERR2641733_bin.72	16.56	0.0	Neural Network (Specific Model)	11	0.914	74670	326.6469298245614	488089	0.43	456	27	99112	None
ERR2641733_bin.73	84.47	0.46	Neural Network (Specific Model)	11	0.894	50638	352.2613908872902	3446368	0.4	2919	135	156562	None
ERR2641733_bin.75	4.93	0.03	Neural Network (Specific Model)	11	0.881	5651	238.54074074074074	218248	0.53	270	43	30437	None
ERR2641733_bin.77	80.55	1.25	Neural Network (Specific Model)	11	0.918	9937	308.3441194772869	1616072	0.43	1607	233	31044	None
ERR2641733_bin.79	7.05	0.0	Neural Network (Specific Model)	11	0.889	16752	314.72297297297297	313707	0.38	296	27	100823	None
ERR2641733_bin.80	82.95	0.15	Neural Network (Specific Model)	11	0.917	5580	351.73374340949033	2613957	0.44	2276	574	21710	None
ERR2641733_bin.83	96.11	0.14	Neural Network (Specific Model)	11	0.837	14733	325.1743805516597	2490380	0.56	2139	244	70630	None
ERR2641733_bin.84	77.48	0.83	Gradient Boost (General Model)	11	0.886	58101	325.76735862562634	1538196	0.47	1397	56	209130	None
ERR2641733_bin.9	99.72	1.44	Neural Network (Specific Model)	11	0.885	52810	323.61184834123225	2309719	0.44	2110	70	120069	None
SRR059458_bin.1	75.65	0.18	Neural Network (Specific Model)	11	0.88	12140	329.81742243436753	1882322	0.47	1676	224	43257	None
SRR059458_bin.10	14.91	0.05	Neural Network (Specific Model)	11	0.884	2690	275.8546365914787	372840	0.47	399	136	7949	None
SRR059458_bin.11	55.96	0.55	Neural Network (Specific Model)	11	0.876	15137	356.85838150289015	844896	0.43	692	87	33624	None
SRR059458_bin.13	100.0	91.7	Neural Network (Specific Model)	11	0.937	42937	320.6429731925264	2519081	0.28	2462	98	123619	None
SRR059458_bin.14	35.86	0.01	Neural Network (Specific Model)	11	0.868	132656	359.5201668984701	892410	0.43	719	12	249635	None
SRR059458_bin.18	24.59	0.29	Neural Network (Specific Model)	11	0.948	2025	250.9855072463768	327843	0.31	414	157	5630	None
SRR059458_bin.19	92.09	0.05	Neural Network (Specific Model)	11	0.865	142440	370.1420408163265	1570125	0.46	1225	18	294352	None
SRR059458_bin.2	84.0	0.06	Neural Network (Specific Model)	11	0.882	47533	352.2298221614227	1750512	0.35	1462	64	107961	None
SRR059458_bin.20	33.23	13.77	Neural Network (Specific Model)	11	0.87	5314	293.3275145469659	1215278	0.52	1203	280	18685	None
SRR059458_bin.21	31.51	0.13	Neural Network (Specific Model)	11	0.956	2826	299.5800464037123	808641	0.46	862	296	9027	None
SRR059458_bin.22	47.45	0.96	Neural Network (Specific Model)	11	0.888	20734	307.6339563862928	666286	0.37	642	45	65253	None
SRR059458_bin.24	99.88	0.55	Neural Network (Specific Model)	11	0.91	41822	351.3640046296296	1998228	0.56	1728	80	139103	None
SRR059458_bin.25	86.26	1.48	Gradient Boost (General Model)	11	0.913	22648	333.61879895561356	1675612	0.53	1532	116	62301	None
SRR059458_bin.26	22.05	0.01	Neural Network (Specific Model)	11	0.923	75811	358.36538461538464	302573	0.39	260	9	83007	None
SRR059458_bin.27	27.89	1.41	Neural Network (Specific Model)	11	0.896	5794	325.77734375	557649	0.54	512	114	17048	None
SRR059458_bin.28	46.01	0.34	Neural Network (Specific Model)	11	0.877	213112	388.853228962818	679152	0.44	511	8	302362	None
SRR059458_bin.29	10.53	0.16	Neural Network (Specific Model)	11	0.849	6218	276.5460750853242	285944	0.41	293	56	12847	None
SRR059458_bin.30	84.34	2.7	Neural Network (Specific Model)	11	0.914	4533	303.7556952081697	1267546	0.27	1273	321	23488	None
SRR059458_bin.33	70.35	1.14	Neural Network (Specific Model)	11	0.9	4150	295.14051522248246	1678479	0.48	1708	468	13822	None
SRR059458_bin.5	42.13	0.06	Neural Network (Specific Model)	11	0.915	3023	286.0979643765903	736164	0.45	786	251	11158	None
SRR059458_bin.6	87.21	1.76	Neural Network (Specific Model)	11	0.88	10909	335.4104967197751	1219214	0.43	1067	157	75817	None
SRR059458_bin.7	48.64	0.06	Neural Network (Specific Model)	11	0.922	11421	299.4990291262136	500829	0.33	515	62	30053	None
SRR059458_bin.8	69.9	2.75	Gradient Boost (General Model)	11	0.91	62536	363.297213622291	1159361	0.43	969	33	169265	None
SRR059458_bin.9	23.7	0.0	Neural Network (Specific Model)	11	0.878	239484	383.8910891089109	397371	0.4	303	2	239484	None
SRR059459_bin.10	66.24	0.9	Neural Network (Specific Model)	11	0.878	15880	351.84300341296927	1056206	0.42	879	102	70982	None
SRR059459_bin.11	100.0	92.34	Neural Network (Specific Model)	11	0.939	51002	322.09004934210526	2494338	0.27	2432	86	147104	None
SRR059459_bin.12	80.23	2.98	Neural Network (Specific Model)	11	0.875	10668	322.69653465346533	2230836	0.46	2020	284	43499	None
SRR059459_bin.13	48.75	0.03	Neural Network (Specific Model)	11	0.918	10680	303.5546875	506527	0.33	512	74	46220	None
SRR059459_bin.15	72.05	0.38	Neural Network (Specific Model)	11	0.9	4372	300.2899761336516	1676157	0.48	1676	450	17913	None
SRR059459_bin.17	18.01	0.07	Neural Network (Specific Model)	11	0.892	14516	357.60130718954247	367582	0.38	306	34	29613	None
SRR059459_bin.18	38.84	0.02	Neural Network (Specific Model)	11	0.911	2870	273.14520547945204	655531	0.45	730	232	8475	None
SRR059459_bin.19	14.32	0.01	Neural Network (Specific Model)	11	0.955	3515	298.0673076923077	291738	0.56	312	93	7252	None
SRR059459_bin.2	64.53	0.04	Neural Network (Specific Model)	11	0.866	148248	352.01972010178116	1913807	0.42	1572	23	446525	None
SRR059459_bin.20	21.6	0.59	Neural Network (Specific Model)	11	0.945	2149	262.6509635974304	388126	0.31	467	178	6434	None
SRR059459_bin.21	23.71	0.0	Neural Network (Specific Model)	11	0.878	239887	382.9703947368421	397774	0.4	304	2	239887	None
SRR059459_bin.22	32.18	0.04	Neural Network (Specific Model)	11	0.957	2656	299.35504885993487	862070	0.45	921	325	9877	None
SRR059459_bin.24	84.0	1.06	Neural Network (Specific Model)	11	0.88	10909	329.07980769230767	1165384	0.43	1040	162	57496	None
SRR059459_bin.25	87.95	0.0	Neural Network (Specific Model)	11	0.903	84941	330.5162689804772	1514914	0.46	1383	27	314266	None
SRR059459_bin.26	78.73	41.33	Neural Network (Specific Model)	11	0.889	6027	325.43052391799546	2887651	0.53	2634	582	26127	None
SRR059459_bin.27	98.21	1.8	Gradient Boost (General Model)	11	0.911	29496	335.31854103343466	1811813	0.53	1645	94	78033	None
SRR059459_bin.28	64.88	0.44	Gradient Boost (General Model)	11	0.908	99426	356.81094527363183	1183484	0.42	1005	32	145438	None
SRR059459_bin.3	35.41	17.99	Neural Network (Specific Model)	11	0.87	4802	300.0560119492158	1382959	0.52	1339	329	18060	None
SRR059459_bin.30	87.64	1.48	Neural Network (Specific Model)	11	0.882	7349	318.05359056806003	2015170	0.39	1866	354	24966	None
SRR059459_bin.32	72.72	0.02	Neural Network (Specific Model)	11	0.871	116618	373.90742526518807	1333711	0.46	1037	18	282628	None
SRR059459_bin.5	45.23	0.08	Neural Network (Specific Model)	11	0.877	192966	390.62048192771084	664705	0.44	498	10	243680	None
SRR059459_bin.6	48.4	0.02	Neural Network (Specific Model)	11	0.891	18682	306.2371134020619	699336	0.37	679	50	32230	None
SRR059459_bin.7	81.79	0.22	Neural Network (Specific Model)	11	0.879	37282	343.15589353612165	1845309	0.35	1578	77	96312	None
SRR059459_bin.9	25.02	0.0	Neural Network (Specific Model)	11	0.858	100048	344.44415584415583	462881	0.41	385	11	167489	None
SRR513791_bin.2	82.45	0.02	Neural Network (Specific Model)	11	0.91	87820	319.204	1314646	0.34	1250	28	154151	None
SRR8692206_bin.1	15.02	0.16	Neural Network (Specific Model)	11	0.883	269137	311.7406340057637	366867	0.41	347	2	269137	None
SRR8692206_bin.10	15.52	0.0	Neural Network (Specific Model)	11	0.894	145531	336.066765578635	759208	0.51	674	6	205556	None
SRR8692206_bin.11	12.69	0.02	Neural Network (Specific Model)	11	0.888	197682	310.2	329526	0.39	315	5	197682	None
SRR8692206_bin.12	99.62	0.14	Neural Network (Specific Model)	11	0.899	58227	303.2619660319094	1962636	0.35	1943	44	173646	None
SRR8692206_bin.13	10.43	0.03	Neural Network (Specific Model)	11	0.882	58401	305.404	259234	0.4	250	5	98055	None
SRR8692206_bin.14	9.82	0.05	Neural Network (Specific Model)	11	0.893	60747	298.6879606879607	407190	0.43	407	10	99166	None
SRR8692206_bin.18	89.21	5.45	Neural Network (Specific Model)	11	0.84	7749	261.090407938258	2533706	0.32	2721	470	30425	None
SRR8692206_bin.19	4.44	0.0	Neural Network (Specific Model)	11	0.839	141861	264.15668202764977	204617	0.48	217	3	141861	None
SRR8692206_bin.2	100.0	0.36	Neural Network (Specific Model)	11	0.907	115804	310.3756319514661	2029078	0.39	1978	26	261023	None
SRR8692206_bin.21	43.43	0.72	Neural Network (Specific Model)	11	0.886	189940	318.06457739791074	1132359	0.38	1053	11	229500	None
SRR8692206_bin.22	61.97	6.46	Neural Network (Specific Model)	11	0.854	7456	245.94922100403923	1494832	0.39	1733	242	64115	None
SRR8692206_bin.24	9.63	5.55	Neural Network (Specific Model)	11	0.959	287764	364.29457364341084	293338	0.6	258	3	287764	None
SRR8692206_bin.25	94.61	0.64	Neural Network (Specific Model)	11	0.835	38865	302.19871478002966	4390518	0.28	4046	202	165982	None
SRR8692206_bin.27	24.88	0.01	Neural Network (Specific Model)	11	0.884	126486	288.97222222222223	387620	0.4	396	7	127241	None
SRR8692206_bin.3	15.26	0.0	Neural Network (Specific Model)	11	0.88	475839	310.4513981358189	793776	0.49	751	5	475839	None
SRR8692206_bin.30	6.84	0.0	Neural Network (Specific Model)	11	0.922	84444	419.9147540983607	416491	0.45	305	7	161141	None
SRR8692206_bin.31	48.25	0.43	Neural Network (Specific Model)	11	0.91	195860	361.1156103286385	2026426	0.45	1704	15	408499	None
SRR8692206_bin.32	7.48	0.0	Neural Network (Specific Model)	11	0.879	57233	325.84615384615387	202290	0.49	182	6	98064	None
SRR8692206_bin.33	45.37	0.21	Neural Network (Specific Model)	11	0.917	154673	363.778531770512	1925884	0.46	1621	16	279423	None
SRR8692206_bin.35	83.26	1.44	Neural Network (Specific Model)	11	0.894	107688	355.4027244149494	3408345	0.45	2863	46	328529	None
SRR8692206_bin.4	96.05	1.37	Neural Network (Specific Model)	11	0.909	80411	342.391970417327	2131960	0.59	1893	52	198815	None
SRR8692206_bin.6	11.17	0.0	Neural Network (Specific Model)	11	0.907	85085	383.96672504378284	724372	0.46	571	11	136366	None
SRR8692206_bin.7	12.31	0.01	Neural Network (Specific Model)	11	0.907	85872	361.86976744186046	514081	0.47	430	8	116379	None
SRR8692206_bin.8	9.92	0.0	Neural Network (Specific Model)	11	0.886	44499	366.37089201877933	263903	0.4	213	8	77581	None
SRR8692207_bin.11	50.16	0.12	Neural Network (Specific Model)	11	0.866	206345	332.3768267223382	1102475	0.39	958	6	366960	None
SRR8692207_bin.15	84.84	0.32	Neural Network (Specific Model)	11	0.856	145484	366.0953401178361	2392155	0.65	1867	30	249780	None
SRR8692207_bin.16	54.75	0.18	Neural Network (Specific Model)	11	0.877	31382	337.3010752688172	1500602	0.6	1302	79	132274	None
SRR8692207_bin.17	55.09	0.03	Neural Network (Specific Model)	11	0.905	130272	326.50290360046455	930459	0.38	861	9	200780	None
SRR8692207_bin.2	22.48	0.15	Neural Network (Specific Model)	11	0.84	60934	323.1975	921982	0.42	800	21	179058	None
SRR8692207_bin.20	35.71	0.17	Neural Network (Specific Model)	11	0.858	103597	301.0402819738167	1042831	0.45	993	15	233368	None
SRR8692207_bin.21	21.05	0.14	Neural Network (Specific Model)	11	0.891	26035	338.01522842639594	447807	0.6	394	30	53490	None
SRR8692207_bin.22	64.82	0.42	Neural Network (Specific Model)	11	0.889	336029	330.22939068100357	1551450	0.59	1395	7	594509	None
SRR8692207_bin.23	75.25	0.71	Neural Network (Specific Model)	11	0.916	5903	275.3311125916056	1351641	0.46	1501	287	22629	None
SRR8692207_bin.24	36.87	1.84	Neural Network (Specific Model)	11	0.852	51795	304.0870083432658	1791859	0.42	1678	42	146071	None
SRR8692207_bin.25	99.99	0.3	Neural Network (Specific Model)	11	0.862	104874	291.5052331113225	2129303	0.37	2102	43	205830	None
SRR8692207_bin.26	6.71	0.0	Neural Network (Specific Model)	11	0.914	243118	409.579766536965	345035	0.44	257	3	243118	None
SRR8692207_bin.29	8.7	0.0	Neural Network (Specific Model)	11	0.85	82432	285.9010989010989	274910	0.43	273	5	104331	None
SRR8692207_bin.3	10.49	0.0	Neural Network (Specific Model)	11	0.903	421107	377.28801843317973	543216	0.45	434	2	421107	None
SRR8692207_bin.30	11.67	0.02	Neural Network (Specific Model)	11	0.876	100842	285.6688888888889	439247	0.64	450	11	122081	None
SRR8692207_bin.32	66.27	0.0	Neural Network (Specific Model)	11	0.895	81546	319.9516129032258	2788436	0.56	2604	58	235514	None
SRR8692207_bin.33	4.99	0.17	Neural Network (Specific Model)	11	0.906	180011	273.872	225689	0.48	250	2	180011	None
SRR8692207_bin.4	99.99	0.09	Neural Network (Specific Model)	11	0.905	166833	337.8023356401384	2582442	0.63	2312	27	470957	None
SRR8692207_bin.6	36.52	0.24	Neural Network (Specific Model)	11	0.888	113209	314.1452589105582	1575511	0.51	1487	27	421943	None
SRR8692207_bin.8	30.14	0.03	Neural Network (Specific Model)	11	0.882	251948	385.1512605042017	933762	0.57	714	7	380665	None
SRR8692207_bin.9	97.37	1.21	Neural Network (Specific Model)	11	0.858	32558	300.020725388601	2628422	0.47	2509	127	92281	None
SRR8692213_bin.1	11.74	0.0	Neural Network (Specific Model)	11	0.874	3236	229.54362416107384	234200	0.4	298	79	20136	None
SRR8692213_bin.10	29.85	0.02	Neural Network (Specific Model)	11	0.893	58696	308.3358778625954	677332	0.42	655	14	189894	None
SRR8692213_bin.12	26.46	0.05	Neural Network (Specific Model)	11	0.89	22148	305.50236966824644	433645	0.39	422	33	51195	None
SRR8692213_bin.14	33.48	0.78	Neural Network (Specific Model)	11	0.895	208955	342.0319563522993	1468865	0.5	1283	13	379217	None
SRR8692213_bin.16	13.32	0.01	Neural Network (Specific Model)	11	0.867	125038	311.14942528735634	748549	0.43	696	15	145415	None
SRR8692213_bin.17	50.96	0.22	Neural Network (Specific Model)	11	0.893	78833	353.80817610062894	2264028	0.42	1908	43	293100	None
SRR8692213_bin.2	77.08	1.3	Neural Network (Specific Model)	11	0.894	155226	324.14592933947773	4243585	0.5	3906	42	504900	None
SRR8692213_bin.26	19.79	0.0	Neural Network (Specific Model)	11	0.878	275523	332.7457627118644	468589	0.6	413	4	275523	None
SRR8692213_bin.28	82.87	1.32	Neural Network (Specific Model)	11	0.838	6980	307.267055393586	1885121	0.6	1715	340	31513	None
SRR8692213_bin.5	22.7	1.56	Neural Network (Specific Model)	11	0.891	2205	206.75642965204236	458859	0.4	661	208	5749	None
SRR8692213_bin.6	18.27	0.53	Neural Network (Specific Model)	11	0.897	2406	253.4599542334096	369546	0.4	437	152	6435	None
SRR8692213_bin.8	59.71	1.31	Neural Network (Specific Model)	11	0.885	48060	310.34238683127575	1276127	0.42	1215	37	100109	None
SRR8692213_bin.9	72.56	0.06	Neural Network (Specific Model)	11	0.891	221911	323.27195225916455	3824449	0.56	3519	24	466156	None
ERR2641635_bin.1	91.28	6.03	Neural Network (Specific Model)	11	0.898	19403	306.1566628916572	2705552	0.37	2649	208	74507	None
ERR2641635_bin.15	94.32	1.43	Neural Network (Specific Model)	11	0.891	52196	334.20880733944955	3059018	0.47	2725	84	127875	None
ERR2641635_bin.16	99.81	3.56	Neural Network (Specific Model)	11	0.854	63079	334.1316639741519	2903617	0.37	2476	81	133744	None
ERR2641635_bin.18	81.73	0.47	Neural Network (Specific Model)	11	0.913	37555	366.3204365079365	3634010	0.47	3024	129	165252	None
ERR2641635_bin.2	95.29	90.95	Neural Network (Specific Model)	11	0.889	23321	312.53732264034545	5122373	0.42	4863	368	74923	None
ERR2641635_bin.20	77.2	18.11	Neural Network (Specific Model)	11	0.882	106094	353.8235588972431	2397638	0.6	1995	34	598462	None
ERR2641635_bin.24	9.53	0.0	Neural Network (Specific Model)	11	0.85	39123	285.2830769230769	326616	0.41	325	21	47543	None
ERR2641635_bin.27	82.35	0.26	Neural Network (Specific Model)	11	0.893	22195	319.5571196534921	1980588	0.43	1847	134	111847	None
ERR2641635_bin.29	55.26	0.13	Neural Network (Specific Model)	11	0.885	20434	325.8584729981378	1776100	0.48	1611	146	56835	None
ERR2641635_bin.3	96.05	20.92	Neural Network (Specific Model)	11	0.908	12965	355.2088733798604	7053709	0.42	6018	816	143750	None
ERR2641635_bin.31	52.29	6.17	Neural Network (Specific Model)	11	0.898	3586	297.11936832326984	2132716	0.44	2153	631	18022	None
ERR2641635_bin.32	7.64	0.09	Neural Network (Specific Model)	11	0.855	7034	243.93818181818182	234624	0.45	275	40	25140	None
ERR2641635_bin.33	84.06	0.99	Neural Network (Specific Model)	11	0.925	5465	309.45634095634097	1926674	0.37	1924	441	22478	None
ERR2641635_bin.34	75.88	1.34	Neural Network (Specific Model)	11	0.896	6481	295.0690289921767	2143832	0.44	2173	405	29691	None
ERR2641635_bin.35	80.83	2.08	Neural Network (Specific Model)	11	0.875	27290	316.05768063145115	1782821	0.6	1647	97	72630	None
ERR2641635_bin.38	18.23	1.05	Neural Network (Specific Model)	11	0.883	2749	240.032414910859	1003872	0.33	1234	376	10123	None
ERR2641635_bin.39	23.69	0.02	Neural Network (Specific Model)	11	0.884	147195	317.9491341991342	995369	0.42	924	12	256112	None
ERR2641635_bin.4	76.5	3.04	Neural Network (Specific Model)	11	0.912	7774	302.69789762340037	2174333	0.38	2188	359	45697	None
ERR2641635_bin.44	66.91	3.36	Neural Network (Specific Model)	11	0.882	4586	285.69668508287293	1755916	0.61	1810	435	49933	None
ERR2641635_bin.47	87.43	56.8	Neural Network (Specific Model)	11	0.873	29635	313.4082377476538	4126423	0.59	3836	222	188053	None
ERR2641635_bin.48	88.25	9.08	Neural Network (Specific Model)	11	0.869	27156	291.32312784443525	4851089	0.41	4834	388	126656	None
ERR2641635_bin.52	89.61	1.31	Gradient Boost (General Model)	11	0.884	24548	336.4885186852769	2532119	0.44	2221	165	83813	None
ERR2641635_bin.55	62.9	5.74	Neural Network (Specific Model)	11	0.882	3641	260.98721461187216	2908049	0.4	3285	881	15529	None
ERR2641635_bin.57	46.12	0.06	Neural Network (Specific Model)	11	0.873	147299	391.5278858625162	1036015	0.6	771	9	409111	None
ERR2641635_bin.59	99.09	5.3	Neural Network (Specific Model)	11	0.89	77885	330.63540983606555	3394762	0.43	3050	86	389603	None
ERR2641635_bin.65	98.04	13.73	Gradient Boost (General Model)	11	0.859	24200	300.6629567408652	4987865	0.37	4762	407	89902	None
ERR2641635_bin.9	49.39	0.09	Neural Network (Specific Model)	11	0.881	3871	263.3132161955691	1171924	0.6	1309	325	17398	None
ERR2641677_bin.1	84.28	0.02	Neural Network (Specific Model)	11	0.896	47763	347.8981530343008	2204572	0.42	1895	70	286436	None
ERR2641677_bin.16	10.67	0.1	Neural Network (Specific Model)	11	0.828	51667	236.46394230769232	355675	0.41	416	11	71847	None
ERR2641677_bin.21	52.1	0.62	Neural Network (Specific Model)	11	0.93	2732	251.8556701030928	1021641	0.36	1261	380	9896	None
ERR2641677_bin.28	67.76	5.44	Neural Network (Specific Model)	11	0.897	8023	296.2835990888383	1736425	0.42	1756	298	37247	None
ERR2641677_bin.29	93.51	1.18	Gradient Boost (General Model)	11	0.873	25946	300.4636842105263	1959147	0.59	1900	111	56610	None
ERR2641677_bin.3	5.58	0.0	Neural Network (Specific Model)	11	0.923	13058	382.57456140350877	283429	0.48	228	40	28222	None
ERR2641677_bin.31	98.12	99.02	Neural Network (Specific Model)	11	0.891	6569	295.82243601718665	10647923	0.43	10706	2065	60426	None
ERR2641677_bin.33	52.27	0.05	Neural Network (Specific Model)	11	0.919	3415	302.5704347826087	1701093	0.61	1725	540	10434	None
ERR2641677_bin.34	52.42	0.08	Neural Network (Specific Model)	11	0.906	3657	278.62027649769584	999157	0.55	1085	295	10717	None
ERR2641677_bin.35	77.98	1.85	Neural Network (Specific Model)	11	0.881	6309	298.8054211035818	2098937	0.61	2066	415	33045	None
ERR2641677_bin.38	87.79	0.13	Neural Network (Specific Model)	11	0.904	86896	377.1331348362399	2940719	0.59	2351	53	297024	None
ERR2641677_bin.40	46.88	0.34	Neural Network (Specific Model)	11	0.873	3957	278.63142857142856	1338135	0.5	1400	366	23463	None
ERR2641677_bin.42	77.56	1.03	Neural Network (Specific Model)	11	0.903	81483	355.23172757475083	2837572	0.46	2408	64	222974	None
ERR2641677_bin.44	9.98	0.0	Neural Network (Specific Model)	11	0.918	2789	312.66062602965405	618650	0.41	607	221	8821	None
ERR2641677_bin.46	87.31	15.61	Neural Network (Specific Model)	11	0.906	17594	353.8963762528913	7592172	0.42	6485	673	96779	None
ERR2641677_bin.61	80.43	1.04	Neural Network (Specific Model)	11	0.908	6550	343.0279968454259	2870344	0.39	2536	548	28322	None
ERR2641677_bin.62	54.59	2.93	Neural Network (Specific Model)	11	0.881	3475	259.11863224005583	1261883	0.62	1433	401	16458	None
ERR2641677_bin.63	7.72	0.0	Neural Network (Specific Model)	11	0.934	2205	246.43798449612405	203765	0.38	258	92	3923	None
ERR2641677_bin.66	36.22	0.05	Neural Network (Specific Model)	11	0.887	62804	322.5545905707196	877826	0.47	806	28	134026	None
ERR2641677_bin.68	99.09	2.52	Neural Network (Specific Model)	11	0.86	33969	314.85718880669026	3408167	0.42	3109	211	89679	None
ERR2641677_bin.7	96.24	16.65	Neural Network (Specific Model)	11	0.873	27045	314.34934497816596	4941168	0.43	4580	331	93289	None
ERR2641677_bin.70	100.0	0.17	Gradient Boost (General Model)	11	0.892	13424	286.271288209607	1760021	0.49	1832	169	43596	None
ERR2641677_bin.72	92.72	1.84	Neural Network (Specific Model)	11	0.88	41087	342.58706199460914	2163722	0.6	1855	90	178282	None
ERR2641677_bin.74	84.25	1.92	Neural Network (Specific Model)	11	0.884	14426	303.3899217221135	2100379	0.49	2044	210	107027	None
ERR2641733_bin.10	19.91	1.9	Neural Network (Specific Model)	11	0.948	2099	287.98526315789474	432256	0.33	475	199	7515	None
ERR2641733_bin.11	91.57	1.79	Gradient Boost (General Model)	11	0.877	7393	308.9314393939394	2784562	0.58	2640	484	37016	None
ERR2641733_bin.13	79.64	0.69	Gradient Boost (General Model)	11	0.867	8817	305.8395061728395	1797610	0.5	1701	263	54579	None
ERR2641733_bin.15	5.65	0.02	Neural Network (Specific Model)	11	0.849	197276	260.03041825095056	241552	0.47	263	3	197276	None
ERR2641733_bin.16	89.32	10.11	Neural Network (Specific Model)	11	0.868	13952	302.70392057026476	4099853	0.42	3928	467	66381	None
ERR2641733_bin.17	94.96	6.51	Neural Network (Specific Model)	11	0.91	69911	366.2386784391911	4234659	0.47	3511	93	261121	None
ERR2641733_bin.18	55.15	0.0	Neural Network (Specific Model)	11	0.891	12782	311.9236842105263	796966	0.46	760	92	60493	None
ERR2641733_bin.19	32.12	0.03	Neural Network (Specific Model)	11	0.92	16934	373.6093023255814	1046787	0.49	860	95	41344	None
ERR2641733_bin.22	85.22	41.03	Neural Network (Specific Model)	11	0.88	5311	275.67938021454114	3936141	0.6	4195	912	24750	None
ERR2641733_bin.24	7.48	0.0	Neural Network (Specific Model)	11	0.872	38922	311.5913043478261	245965	0.49	230	13	76350	None
ERR2641733_bin.26	93.76	3.4	Neural Network (Specific Model)	11	0.889	57041	319.42027508914924	2112274	0.6	1963	59	154428	None
ERR2641733_bin.34	68.74	0.21	Neural Network (Specific Model)	11	0.9	14115	317.6232917409388	1778805	0.43	1683	176	38936	None
ERR2641733_bin.43	30.31	0.0	Neural Network (Specific Model)	11	0.864	71947	379.9882121807466	671195	0.6	509	14	168072	None
ERR2641733_bin.45	87.65	4.9	Gradient Boost (General Model)	11	0.885	4057	273.0187074829932	1630892	0.6	1764	450	19681	None
ERR2641733_bin.46	7.0	0.0	Neural Network (Specific Model)	11	0.85	28243	243.0114503816794	223937	0.54	262	19	62085	None
ERR2641733_bin.49	52.96	0.01	Neural Network (Specific Model)	11	0.903	3091	295.38344594594594	1159649	0.49	1184	389	10680	None
ERR2641733_bin.54	94.54	0.28	Neural Network (Specific Model)	11	0.916	24900	328.69532293986634	2414121	0.38	2245	155	117026	None
ERR2641733_bin.57	50.15	0.09	Neural Network (Specific Model)	11	0.866	59307	371.3089330024814	1035722	0.57	806	30	153187	None
ERR2641733_bin.59	89.28	47.88	Neural Network (Specific Model)	11	0.923	6405	340.4501607717042	5846654	0.6	5287	1168	72291	None
ERR2641733_bin.63	94.58	0.35	Neural Network (Specific Model)	11	0.873	42629	335.5164319248826	2206965	0.61	1917	82	217326	None
ERR2641733_bin.66	18.54	1.9	Neural Network (Specific Model)	11	0.892	2138	233.47968069666183	1077849	0.35	1378	479	10262	None
ERR2641733_bin.67	98.56	0.17	Gradient Boost (General Model)	11	0.91	205899	338.51322115384613	1853463	0.54	1664	12	391881	None
ERR2641733_bin.68	59.85	0.87	Gradient Boost (General Model)	11	0.896	19007	365.4170854271357	1458307	0.46	1194	126	53142	None
ERR2641733_bin.69	74.12	7.91	Gradient Boost (General Model)	11	0.881	5313	273.5817923186344	1962627	0.58	2109	440	30199	None
ERR2641733_bin.74	99.27	102.33	Neural Network (Specific Model)	11	0.924	4071	337.6038748527294	16720537	0.43	15278	4616	59092	None
ERR2641733_bin.76	97.98	0.79	Gradient Boost (General Model)	11	0.896	93627	337.951399688958	2907189	0.44	2572	39	230466	None
ERR2641733_bin.78	92.4	0.97	Neural Network (Specific Model)	11	0.903	22969	364.3737808376363	4215389	0.42	3486	289	83729	None
ERR2641733_bin.8	7.45	0.18	Neural Network (Specific Model)	11	0.866	16272	289.7762803234501	371620	0.52	371	38	47153	None
ERR2641733_bin.81	94.56	110.44	Neural Network (Specific Model)	11	0.898	6370	293.4357514718046	20108681	0.43	20553	4296	85541	None
ERR2641733_bin.82	75.56	1.06	Gradient Boost (General Model)	11	0.905	6190	287.32654320987655	1540443	0.54	1620	290	32624	None
SRR059458_bin.12	32.9	0.39	Neural Network (Specific Model)	11	0.89	16346	352.81799591002044	581022	0.39	489	46	64023	None
SRR059458_bin.15	83.11	1.91	Neural Network (Specific Model)	11	0.914	4291	277.81259720062206	1170277	0.33	1286	315	18046	None
SRR059458_bin.16	33.23	1.84	Neural Network (Specific Model)	11	0.926	3816	298.78977272727275	680469	0.55	704	197	11534	None
SRR059458_bin.17	80.87	33.39	Neural Network (Specific Model)	11	0.888	6423	326.25082918739633	2654008	0.53	2412	507	29373	None
SRR059458_bin.23	85.29	1.41	Neural Network (Specific Model)	11	0.884	8231	323.194429273621	2006933	0.39	1831	337	31987	None
SRR059458_bin.3	99.15	0.36	Neural Network (Specific Model)	11	0.892	96733	321.10483870967744	1470774	0.39	1364	35	200238	None
SRR059458_bin.31	61.51	0.08	Neural Network (Specific Model)	11	0.863	93733	345.52107809260536	1735479	0.42	1447	46	247722	None
SRR059458_bin.32	23.62	0.0	Neural Network (Specific Model)	11	0.871	107025	357.22049689440996	396042	0.42	322	3	194789	None
SRR059458_bin.4	90.24	0.0	Neural Network (Specific Model)	11	0.903	67063	328.2806406685237	1563741	0.47	1436	39	123692	None
SRR059459_bin.1	23.62	0.0	Neural Network (Specific Model)	11	0.871	107025	357.22049689440996	396042	0.42	322	3	194789	None
SRR059459_bin.14	77.55	2.33	Neural Network (Specific Model)	11	0.921	4470	287.8972667295005	993028	0.32	1061	257	13540	None
SRR059459_bin.16	99.98	0.75	Neural Network (Specific Model)	11	0.909	48389	350.01688992428655	1980449	0.56	1717	60	103831	None
SRR059459_bin.23	99.78	0.37	Neural Network (Specific Model)	11	0.891	84568	319.33187772925766	1474915	0.39	1374	29	227681	None
SRR059459_bin.29	11.03	0.01	Neural Network (Specific Model)	11	0.929	4085	302.3288888888889	219449	0.53	225	57	10611	None
SRR059459_bin.31	85.49	0.78	Neural Network (Specific Model)	11	0.917	4539	300.27548638132293	1259768	0.27	1285	323	19654	None
SRR059459_bin.4	20.54	0.0	Neural Network (Specific Model)	11	0.918	71465	394.7980769230769	268133	0.44	208	6	85136	None
SRR059459_bin.8	13.06	0.0	Neural Network (Specific Model)	11	0.872	2733	263.2564102564103	317284	0.47	351	120	6677	None
SRR513791_bin.1	45.74	0.11	Neural Network (Specific Model)	11	0.902	32016	297.74267515923566	775641	0.36	785	44	85239	None
SRR513791_bin.3	39.05	0.01	Neural Network (Specific Model)	11	0.877	20799	285.77925531914894	734322	0.38	752	48	62084	None
SRR8692206_bin.15	14.47	0.0	Neural Network (Specific Model)	11	0.88	363311	306.42857142857144	576907	0.51	553	2	363311	None
SRR8692206_bin.16	99.99	0.35	Neural Network (Specific Model)	11	0.882	401300	324.05667372881356	2078559	0.39	1888	10	832773	None
SRR8692206_bin.17	40.81	0.24	Neural Network (Specific Model)	11	0.902	2948	242.1879359868691	1957593	0.56	2437	694	9178	None
SRR8692206_bin.20	25.14	0.0	Neural Network (Specific Model)	11	0.896	272822	325.8495798319328	1296261	0.51	1190	10	406964	None
SRR8692206_bin.23	6.8	0.0	Neural Network (Specific Model)	11	0.902	213003	282.28819444444446	269601	0.5	288	3	213003	None
SRR8692206_bin.26	81.3	0.65	Neural Network (Specific Model)	11	0.907	85987	351.8229831688915	4002331	0.46	3446	74	192798	None
SRR8692206_bin.28	54.93	0.11	Neural Network (Specific Model)	11	0.895	781933	316.446881425634	1546386	0.37	1459	5	781933	None
SRR8692206_bin.29	10.28	0.0	Neural Network (Specific Model)	11	0.834	11039	243.8804920913884	498085	0.28	569	75	39906	None
SRR8692206_bin.34	8.47	0.0	Neural Network (Specific Model)	11	0.826	130590	312.22935779816515	246794	0.29	218	6	130590	None
SRR8692206_bin.5	23.13	0.07	Neural Network (Specific Model)	11	0.895	656118	324.7049356223176	1013264	0.51	932	2	656118	None
SRR8692206_bin.9	84.0	1.32	Neural Network (Specific Model)	11	0.898	35351	310.34124087591243	1702228	0.43	1644	74	136577	None
SRR8692207_bin.1	70.01	1.78	Neural Network (Specific Model)	11	0.888	178719	319.75612144955926	3304853	0.51	3063	32	375057	None
SRR8692207_bin.10	6.27	0.0	Neural Network (Specific Model)	11	0.865	2937	258.19823788546256	202827	0.41	227	72	18768	None
SRR8692207_bin.12	99.99	0.17	Neural Network (Specific Model)	11	0.9	206962	367.6555246053853	5274917	0.41	4308	63	340207	None
SRR8692207_bin.13	5.86	0.0	Neural Network (Specific Model)	11	0.869	6838	265.82995951417	225805	0.59	247	44	20406	None
SRR8692207_bin.14	14.66	0.0	Neural Network (Specific Model)	11	0.877	38372	389.9244444444444	299924	0.61	225	16	53300	None
SRR8692207_bin.18	83.97	0.65	Neural Network (Specific Model)	11	0.911	155072	365.40429234338745	4144466	0.45	3448	40	543525	None
SRR8692207_bin.19	67.26	0.07	Neural Network (Specific Model)	11	0.892	195851	367.3156028368794	3131356	0.43	2538	22	451523	None
SRR8692207_bin.27	99.97	1.79	Neural Network (Specific Model)	11	0.908	215432	370.80865224625626	4416135	0.43	3606	34	445593	None
SRR8692207_bin.28	33.64	0.28	Neural Network (Specific Model)	11	0.884	76973	298.893816364772	1621204	0.56	1601	44	153018	None
SRR8692207_bin.31	21.72	0.01	Neural Network (Specific Model)	11	0.896	549851	351.502427184466	968478	0.43	824	5	549851	None
SRR8692207_bin.34	9.53	0.09	Neural Network (Specific Model)	11	0.886	187934	332.10645161290324	348270	0.42	310	2	187934	None
SRR8692207_bin.5	19.44	0.27	Neural Network (Specific Model)	11	0.855	2222	214.68591549295775	533714	0.38	710	231	8958	None
SRR8692207_bin.7	100.0	1.1	Neural Network (Specific Model)	11	0.874	43570	336.5189075630252	3292096	0.64	2856	109	155269	None
SRR8692213_bin.11	39.63	0.03	Neural Network (Specific Model)	11	0.907	114834	389.0439393939394	1696046	0.42	1320	27	236691	None
SRR8692213_bin.13	100.0	0.18	Neural Network (Specific Model)	11	0.876	115367	340.05574912891984	3336890	0.64	2870	42	382974	None
SRR8692213_bin.15	8.81	0.0	Neural Network (Specific Model)	11	0.881	77388	341.1490909090909	318947	0.59	275	6	130568	None
SRR8692213_bin.18	4.23	0.01	Neural Network (Specific Model)	11	0.881	157683	312.88837209302324	228895	0.48	215	4	157683	None
SRR8692213_bin.19	4.85	0.0	Neural Network (Specific Model)	11	0.843	75833	280.78175895765474	306041	0.45	307	9	116537	None
SRR8692213_bin.20	10.06	0.0	Neural Network (Specific Model)	11	0.877	42805	294.8432304038005	424331	0.42	421	11	68965	None
SRR8692213_bin.21	25.63	0.0	Neural Network (Specific Model)	11	0.873	544421	322.28978224455614	659859	0.6	597	4	544421	None
SRR8692213_bin.22	39.62	0.1	Neural Network (Specific Model)	11	0.865	79732	338.24811083123427	930687	0.6	794	15	252936	None
SRR8692213_bin.23	99.97	2.64	Neural Network (Specific Model)	11	0.904	148730	361.08214544575986	4954633	0.42	4139	49	481125	None
SRR8692213_bin.24	92.04	10.1	Neural Network (Specific Model)	11	0.879	7382	272.6541567695962	1955593	0.39	2105	368	42645	None
SRR8692213_bin.25	74.88	5.3	Neural Network (Specific Model)	11	0.908	2871	236.21400113830393	1369177	0.4	1757	503	11374	None
SRR8692213_bin.27	97.02	0.45	Neural Network (Specific Model)	11	0.912	153821	372.82055035128803	4182833	0.46	3416	41	490297	None
SRR8692213_bin.3	99.83	0.62	Neural Network (Specific Model)	11	0.912	127250	360.10044977511245	4736537	0.45	4002	66	270121	None
SRR8692213_bin.4	71.24	3.21	Neural Network (Specific Model)	11	0.884	10102	283.81719197707736	1678613	0.4	1745	232	61250	None
SRR8692213_bin.7	27.3	0.01	Neural Network (Specific Model)	11	0.882	246179	317.76082862523543	1718855	0.56	1593	11	395368	None
